country_label,year,growth_gdp,inflation,popul,log_popul,startbusin,unemp,urban,schooling,rule_of_law,voice_account,pol_stability,gov_effective,regulatory_qual,control_corrup,dummy_eu,covid_year,dummy_oecd
Australia,2014,1.0151142229833,1.479573107689987,23475686,16.97147580520884,96.5,6.08,85.602,10,1.923046112060547,1.361716032028198,1.03219199180603,1.607066988945007,1.86370837688446,1.853722214698792,0,0,1
Australia,2015,0.7324070437658321,-0.5496594111488378,23815995,16.98586797173483,96.5,6.05,85.701,10,1.825072646141052,1.355591297149658,0.8849798440933228,1.564190983772278,1.788684129714966,1.882711291313171,0,0,1
Australia,2016,1.177907007690763,-0.5330003463730009,24190907,17.00148737671587,96.5,5.71,85.8,10,1.755666971206665,1.353702068328857,1.047958016395569,1.568042635917664,1.896965622901917,1.816107511520386,0,0,1
Australia,2017,0.5917665427972025,3.73475009256552,24601860,17.01833260780041,96.5,5.59,85.904,10,1.686461329460144,1.375636100769043,0.8960608243942261,1.538218975067139,1.933411359786987,1.798350930213928,0,0,1
Australia,2018,1.379960220979058,1.885615996469554,24982688,17.03369366295745,96.5,5.3,86.012,10,1.715382099151611,1.380592823028564,0.9896039962768555,1.595232129096985,1.902705550193787,1.805214405059814,0,0,1
Australia,2019,0.6181879108464727,3.398104470506766,25365745,17.04891019973237,96.5,5.16,86.124,10,1.734472513198853,1.267441391944885,0.9117457270622253,1.571555256843567,1.873689413070679,1.82541298866272,0,0,1
Australia,2020,-1.532086198391184,1.96803686268629,25687041,17.06149718144794,96.6,6.46,86.241,10,1.651188373565674,1.304120540618896,0.8487522006034851,1.619163393974304,1.816903710365295,1.665164589881897,0,1,1
Belgium,2014,1.128595724711715,0.982645554501687,11209057,16.2322326701897,91.3,8.52,97.833,12,1.551950573921204,1.366339206695557,0.7012694478034973,1.523704528808594,1.15776538848877,1.517457246780396,1,0,1
Belgium,2015,1.451893367587559,1.33038612835179,11274196,16.23802713260648,91.3,8.48,97.876,12,1.48884117603302,1.387440085411072,0.5870946049690247,1.560348391532898,1.287758946418762,1.514363050460815,1,0,1
Belgium,2016,0.7552689191028463,1.920850694950488,11331422,16.24309013263099,91.4,7.83,97.919,12,1.429942846298218,1.377025842666626,0.4413672983646393,1.433040976524353,1.340683579444885,1.574584245681763,1,0,1
Belgium,2017,1.230825592882724,1.828301836796115,11375158,16.24694241281471,91.4,7.09,97.961,12,1.35845935344696,1.338482022285461,0.4281858205795288,1.27884578704834,1.246880173683167,1.447792172431946,1,0,1
Belgium,2018,1.325649933650524,1.625329410645264,11427054,16.25149425976746,91.4,5.95,98.001,12,1.376736998558044,1.318996906280518,0.402350127696991,1.261865258216858,1.268156170845032,1.466163396835327,1,0,1
Belgium,2019,1.236071351590667,1.655468953428581,11488980,16.25689887303844,91.4,5.36,98.041,12,1.374089956283569,1.310243368148804,0.4737775325775146,1.148131728172302,1.291109085083008,1.485346674919128,1,0,1
Belgium,2020,-6.827420042732854,1.067716402644535,11555997,16.26271508096283,92.3,5.55,98.079,12,1.368919610977173,1.283182263374329,0.5905625820159912,1.124298691749573,1.350717902183533,1.478052020072937,1,1,1
Brazil,2014,-0.3524831450360892,7.846709743528095,202763744,19.12755203657845,63.7,6.66,85.492,12,-0.0499485470354557,0.4719278812408447,-0.07029013335704803,-0.1397428512573242,-0.07819727063179016,-0.3383985757827759,0,0,0
Brazil,2015,-4.351475065272112,7.566175012071156,204471759,19.13594042611124,64.7,8.43,85.77,12,-0.1471590101718903,0.4588515162467957,-0.3314580917358398,-0.1843512207269669,-0.1926552504301071,-0.3964700102806091,0,0,0
Brazil,2016,-4.069410925302691,8.103604358702455,206163056,19.14417794763662,63.9,11.6,86.042,12,-0.1573322415351868,0.4518493711948395,-0.3772054016590118,-0.1739778220653534,-0.207315519452095,-0.3813245892524719,0,0,0
Brazil,2017,0.5083379812560906,3.67138451191795,207833825,19.15224940009108,64.7,12.82,86.309,12,-0.2469498515129089,0.448015570640564,-0.4738645851612091,-0.2328485548496246,-0.1500316858291626,-0.4959316551685333,0,0,0
Brazil,2018,0.9889600326235808,4.493534331641598,209469320,19.16008784268843,64.8,12.33,86.569,12,-0.252479612827301,0.3602511584758759,-0.440423458814621,-0.4497754871845245,-0.3271396458148956,-0.3989659547805786,0,0,0
Brazil,2019,0.6518534458191709,4.280505119003436,211049519,19.1676033511094,80.3,11.93,86.824,12,-0.1806352287530899,0.2974657714366913,-0.7137882113456726,-0.186902716755867,-0.1784509271383286,-0.3365894854068756,0,0,0
Brazil,2020,-4.740553195391186,4.805398417051521,212559409,19.17473207902055,81.3,13.69,87.073,12,-0.1758137047290802,0.2610505223274231,-0.4216978847980499,-0.4470313489437103,-0.1616534888744354,-0.3424238264560699,0,1,0
Bulgaria,2014,2.466219591948771,0.460887324994161,7223938,15.79291079153936,84.8,11.42,73.651,9,-0.0763632208108902,0.3664630353450775,0.07854089885950089,-0.0001485663960920647,0.5683190226554871,-0.2827536463737488,1,0,0
Bulgaria,2015,4.655500600154895,2.442392477189088,7177991,15.78653009685775,84.8,9.14,73.99,9,-0.125640332698822,0.4325730204582214,0.01732218824326992,0.1148597076535225,0.5637681484222412,-0.2976200878620148,1,0,0
Bulgaria,2016,4.551172107545497,2.537512296502896,7127822,15.77951627587934,84.8,7.57,74.329,9,-0.10516756772995,0.4021856784820557,0.07733326405286789,0.2084756195545197,0.6585177183151245,-0.2129944115877151,1,0,0
Bulgaria,2017,4.261548230510897,3.9429070296855,7075947,15.77221184412636,85.4,6.16,74.669,9,-0.08832031488418579,0.4298145174980164,0.3320499062538147,0.192859560251236,0.6258183121681213,-0.1534974128007889,1,0,0
Bulgaria,2018,3.839552118687877,4.012248584776913,7025037,15.76499104007413,85.4,5.21,75.008,9,-0.06981419771909714,0.3566663265228271,0.4562779366970062,0.2030701488256454,0.586534321308136,-0.1452328264713287,1,0,0
Bulgaria,2019,4.426793443436353,5.250219040531164,6975761,15.75795198366295,85.4,4.23,75.347,9,-0.006326790899038315,0.3556396961212158,0.5788609981536865,0.2633897364139557,0.5311001539230347,-0.1399162411689758,1,0,0
Bulgaria,2020,-3.483028019955427,3.316993904451792,6927288,15.75097895258048,85.4,5.12,75.686,9,-0.08707793056964874,0.2600734233856201,0.4724810123443604,-0.07221990823745728,0.5189231634140015,-0.2723222076892853,1,1,0
Canada,2014,1.841026124311412,1.944598697337057,35437435,17.38327930523539,97.2,6.91,81.218,10,1.890623211860657,1.412359952926636,1.175503849983215,1.760505318641663,1.845021724700928,1.836697459220886,0,0,1
Canada,2015,-0.089285801148975,-0.8767175448156053,35702908,17.39074270001509,97.2,6.91,81.259,10,1.841919898986816,1.467126369476318,1.274697780609131,1.76172935962677,1.717661261558533,1.887180924415588,0,0,1
Canada,2016,-0.1358426213219133,0.7540300302554499,36109487,17.40206618656175,98.2,7.0,81.3,10,1.841268062591553,1.445155262947083,1.256058573722839,1.780962109565735,1.73881983757019,1.989883542060852,0,0,1
Canada,2017,1.811114549119822,2.564996839798496,36545295,17.41406300810375,98.2,6.34,81.35,10,1.806022882461548,1.477723836898804,1.102062702178955,1.85711407661438,1.889669418334961,1.927650570869446,0,0,1
Canada,2018,0.9928518822292176,1.756738586892936,37065178,17.42818848843563,98.2,5.83,81.411,10,1.756561160087585,1.490146398544312,0.9791259169578552,1.714915990829468,1.70607578754425,1.827884793281555,0,0,1
Canada,2019,0.4302111341487205,1.672579194147986,37593384,17.44233863543099,98.2,5.66,81.482,10,1.760273456573486,1.431914687156677,1.016767740249634,1.731293439865112,1.716236472129822,1.767163515090942,0,0,1
Canada,2020,-6.427926610046711,0.8322600962310958,38005238,17.45323455029657,98.2,9.46,81.562,10,1.655119180679321,1.47617506980896,1.109245777130127,1.644322991371155,1.595804929733276,1.59770679473877,0,1,1
Chile,2014,0.6925226088125385,5.906349056984368,17758969,16.69240124204142,87.2,6.66,87.303,12,1.433073401451111,1.055914759635925,0.447516918182373,1.161197066307068,1.494420647621155,1.488739728927612,0,0,1
Chile,2015,1.10598439800134,4.953538063529322,17969356,16.70417842061061,87.2,6.51,87.36,12,1.34395694732666,1.004488348960876,0.4334392249584198,1.085781812667847,1.345231652259827,1.280415415763855,0,0,1
Chile,2016,0.3720987305513006,4.46991928273097,18209072,16.7174304893948,87.2,6.74,87.422,12,1.129331350326538,0.9956856966018677,0.4131105244159698,1.010371804237366,1.373064279556274,1.140084028244019,0,0,1
Chile,2017,-0.2472513587319582,4.78230030512843,18470435,16.73168190360355,87.2,6.96,87.49,12,1.149239420890808,1.000417113304138,0.4171355366706848,0.9961623549461365,1.350113391876221,1.106464505195618,0,0,1
Chile,2018,2.281121034925235,2.360583374542571,18729166,16.7455925459329,87.2,7.23,87.564,12,1.091852426528931,1.024110674858093,0.4273601770401001,1.075469732284546,1.335477352142334,1.039679408073425,0,0,1
Chile,2019,-0.2450357568850166,1.949877289167489,18952035,16.75742187158984,89.1,7.29,87.643,12,1.074586272239685,0.9911497831344604,0.007929707877337933,1.06028938293457,1.223730802536011,1.066971182823181,0,0,1
Chile,2020,-6.580755715159384,8.358569693203009,19116209,16.76604717187005,91.4,11.18,87.727,12,1.067766666412354,1.016066908836365,0.07061870396137238,0.9887356758117676,1.052092790603638,1.146560907363892,0,1,1
Colombia,2014,3.448395231914375,2.235632376431468,46967706,17.66497081712557,84.4,8.57,79.415,11,-0.2919965088367462,-0.04331616684794426,-1.114594101905823,-0.100936159491539,0.4962345957756042,-0.3685733675956726,0,0,1
Colombia,2015,1.757883717392318,2.449328420520189,47520667,17.67667526911544,84.4,8.3,79.764,11,-0.268496960401535,0.003927132114768028,-1.069146633148193,-0.03639471158385277,0.4654272496700287,-0.2981308102607727,0,0,1
Colombia,2016,0.7006886378502202,5.148334305145895,48175048,17.69035176863162,83.6,8.69,80.108,11,-0.2789232134819031,0.1218223571777344,-0.8824593424797058,0.01521569117903709,0.4020092785358429,-0.3241390585899353,0,0,1
Colombia,2017,-0.1634093320804482,5.133735899633464,48909844,17.70548924297866,85.3,8.87,80.446,11,-0.3629578948020935,0.1124623268842697,-0.7727076411247253,-0.0750800147652626,0.3411354124546051,-0.3722760677337646,0,0,1
Colombia,2018,1.012856042288661,4.630579673278262,49661056,17.72073160241748,85.3,9.11,80.778,11,-0.4062346816062927,0.1635417938232422,-0.7969317436218262,-0.08600524067878723,0.3176741302013397,-0.2857142090797424,0,0,1
Colombia,2019,1.889274487445718,4.010719493885944,50339443,17.7342994828506,85.3,9.96,81.104,11,-0.4168378412723541,0.2048455029726028,-0.9495015740394592,0.0707119032740593,0.3965637385845184,-0.2363338619470596,0,0,1
Colombia,2020,-7.842206490472819,1.429124681056564,50882884,17.74503715777969,87.0,15.04,81.425,11,-0.491235613822937,0.1492502838373184,-0.6735994815826416,0.04028860852122307,0.3171094059944153,-0.1819550096988678,0,1,1
Croatia,2014,0.06532771766438827,0.1406311174357029,4238389,15.25969380217759,82.2,17.29,55.923,8,0.3045184910297394,0.5149402618408203,0.6191123723983765,0.696799099445343,0.3950692117214203,0.2228187471628189,1,0,0
Croatia,2015,3.279516761934559,0.0834905482963535,4203604,15.25145281053845,82.9,16.18,56.155,8,0.1868399977684021,0.5555070638656616,0.5907280445098877,0.5309173464775085,0.3640224635601044,0.2496056705713272,1,0,0
Croatia,2016,4.223478737309165,-0.09887032903311876,4174349,15.24446897596532,82.9,13.1,56.403,8,0.3843882083892822,0.5253698825836182,0.6637694835662842,0.503560483455658,0.3562783300876617,0.211980015039444,1,0,0
Croatia,2017,4.688604235318024,1.16322395805075,4124531,15.23246287431723,82.5,11.21,56.667,8,0.3588387966156006,0.4791637361049652,0.6920319199562073,0.6090569496154785,0.4240428507328033,0.1179554536938667,1,0,0
Croatia,2018,3.730298166245589,2.000307415372646,4087843,15.22352800504012,82.5,8.43,56.947,8,0.3527049720287323,0.4375763833522797,0.8028064966201782,0.5073916912078857,0.5371523499488831,0.07793619483709335,1,0,0
Croatia,2019,3.430497562103881,1.499154822246538,4065253,15.21798653764969,82.6,6.62,57.242,8,0.3953754007816315,0.4553146660327911,0.6946999430656433,0.4592124819755554,0.5906432867050171,0.08202590048313141,1,0,0
Croatia,2020,-7.958640393318632,0.4053341326340671,4047200,15.21353584195986,85.3,7.51,57.553,8,0.2941799759864807,0.5801761746406555,0.6074047684669495,0.4377178251743317,0.4339399933815002,0.2007412314414978,1,1,0
Ecuador,2014,2.198973161028704,3.030703069113969,15951832,16.58508423953351,65.1,3.48,63.261,12,-1.05852472782135,-0.2024651616811752,-0.01853320933878422,-0.4733957648277283,-1.007219910621643,-0.754915714263916,0,0,0
Ecuador,2015,-1.507634319905208,-2.491020757633322,16212022,16.60126362374891,65.3,3.62,63.398,12,-1.028962373733521,-0.211754783987999,-0.143955871462822,-0.4425787925720215,-1.157369136810303,-0.6713044047355652,0,0,0
Ecuador,2016,-2.898018796266527,1.901646775466375,16491116,16.618332369626,68.5,4.6,63.534,12,-0.7614434957504272,-0.2471679598093033,-0.08535795658826828,-0.4304731786251068,-1.018454313278198,-0.6801937222480774,0,0,0
Ecuador,2017,0.5739131739983492,1.946398244440445,16785356,16.63601739758452,69.2,3.84,63.67,12,-0.8107955455780029,-0.1721459180116653,-0.07485386729240417,-0.3996412754058838,-1.059981346130371,-0.6216222643852234,0,0,0
Ecuador,2018,-0.4834290779221675,1.818873571095537,17084359,16.6536739245368,69.0,3.53,63.821,12,-0.6387974619865417,-0.001272902940399945,-0.08927769213914871,-0.26375412940979,-0.8687586188316345,-0.5629482865333557,0,0,0
Ecuador,2019,-1.653249634041856,0.495450027557041,17373657,16.67046565146369,69.1,3.81,63.986,12,-0.5774393677711487,0.03711933642625809,-0.2329568564891815,-0.3996101021766663,-0.8239056468009949,-0.4865912795066833,0,0,0
Ecuador,2020,-9.15874486974343,-0.9239942810152257,17643060,16.6858530628866,69.1,6.11,64.166,12,-0.5481316447257996,0.0167155135422945,-0.3646331131458282,-0.4388474524021149,-0.8860090970993042,-0.5359893441200256,0,1,0
Estonia,2014,3.257769917929849,2.948726195749089,1314545,14.089001156115,91.1,7.35,68.269,9,1.37282395362854,1.170310020446777,0.7802578806877136,1.016517043113708,1.676558494567871,1.30367386341095,1,0,1
Estonia,2015,1.778146654901164,1.118741882429092,1315407,14.08965668141041,93.3,6.19,68.416,9,1.331784725189209,1.186864018440247,0.6209198236465454,1.067657947540283,1.669039130210876,1.294096946716309,1,0,1
Estonia,2016,3.157781185238107,2.269902037397188,1315790,14.08994780366595,95.1,6.76,68.563,9,1.226433396339417,1.208047389984131,0.6739077568054199,1.090463161468506,1.698142051696777,1.272368192672729,1,0,1
Estonia,2017,5.371503506959115,3.112749744538718,1317384,14.09115850998062,95.1,5.76,68.717,9,1.28582751750946,1.214439392089844,0.6497753858566284,1.111728549003601,1.645035862922668,1.245323777198792,1,0,1
Estonia,2018,3.992898207756724,4.180246155360749,1321977,14.09463890136043,95.2,5.37,68.88,9,1.240727663040161,1.179301023483276,0.5873926877975464,1.190436959266663,1.551770210266113,1.505609512329102,1,0,1
Estonia,2019,4.607048745059799,3.226953436442585,1326898,14.0983544452508,95.3,4.45,69.051,9,1.28148341178894,1.181097984313965,0.6332562565803528,1.174427509307861,1.591254830360413,1.561715364456177,1,0,1
Estonia,2020,-3.235544444314101,-0.4438793720951395,1331057,14.10148392140394,95.4,6.8,69.229,9,1.382245540618896,1.171271800994873,0.7101202011108398,1.343335747718811,1.535387754440308,1.612779974937439,1,1,1
Finland,2014,-0.7761083831461377,1.631623336653348,5461512,15.51323623246189,92.4,8.66,85.175,9,2.129668474197388,1.541917204856873,1.282197237014771,2.032821893692017,1.884034514427185,2.163503408432007,1,0,1
Finland,2015,0.2130294196652613,1.616746497049263,5479531,15.51653007132008,92.4,9.38,85.225,9,2.089484214782715,1.543586492538452,1.040587306022644,1.874041557312012,1.836381435394287,2.258835554122925,1,0,1
Finland,2016,2.516379895242096,0.08742545829345261,5495303,15.51940428533695,92.4,8.82,85.275,9,2.049945592880249,1.531794309616089,0.9990864992141724,1.877939224243164,1.817407608032227,2.233330726623535,1,0,1
Finland,2017,2.950531372824727,0.8192628972587812,5508214,15.52175099065401,92.4,8.64,85.325,9,2.069357395172119,1.5593581199646,1.080909132957458,2.018676042556763,1.823054671287537,2.211038589477539,1,0,1
Finland,2018,1.177543063393088,1.930610210123803,5515525,15.52307740106193,92.4,7.36,85.382,9,2.079443216323853,1.576928496360779,0.9083589911460876,2.055258512496948,1.785689830780029,2.211138486862183,1,0,1
Finland,2019,1.161309709602463,1.517052921224547,5521606,15.52417931796684,92.4,6.69,85.446,9,2.058016061782837,1.564906120300293,0.8516567349433899,2.006594181060791,1.851163506507874,2.153199672698975,1,0,1
Finland,2020,-2.933777286478588,1.656622387698036,5530719,15.52582838313008,93.5,7.76,85.517,9,2.078882932662964,1.615212440490723,0.944625198841095,1.94893479347229,1.854751825332642,2.204168081283569,1,1,1
France,2014,0.4790775723490412,0.576944232991778,66312067,18.00988244462819,92.5,10.29,79.394,10,1.456656336784363,1.218159556388855,0.3005684912204742,1.418683171272278,1.07878577709198,1.292919516563416,1,0,1
France,2015,0.7540243523275194,1.138248785332351,66548272,18.01343813702877,93.0,10.35,79.655,10,1.398505687713623,1.206640601158142,0.1067063733935356,1.448122143745422,1.129694223403931,1.286498308181763,1,0,1
France,2016,0.8290566645167416,0.5225593434004452,66724104,18.01607682491442,93.1,10.05,79.917,10,1.386725783348083,1.136472582817078,-0.09535911679267883,1.416433572769165,1.07032310962677,1.37006402015686,1,0,1
France,2017,1.99499844733441,0.5215772633056872,66918020,18.01897884607793,93.3,9.41,80.18,10,1.436407089233398,1.15241527557373,0.2790775895118713,1.348090887069702,1.159510493278503,1.266991376876831,1,0,1
France,2018,1.513874550729753,0.9518605163739977,67101930,18.0217233645685,93.3,9.02,80.444,10,1.434448599815369,1.146512627601624,0.02915573492646217,1.458658337593079,1.156291723251343,1.317642092704773,1,0,1
France,2019,1.286711568035344,1.227217568555773,67248926,18.02391160605847,93.3,8.41,80.709,10,1.407694578170776,1.116437673568726,0.2993822395801544,1.372140288352966,1.440411925315857,1.283251285552979,1,0,1
France,2020,-8.30941150626434,2.247016845697544,67391582,18.02603067193993,93.1,8.01,80.975,10,1.327411413192749,1.069430232048035,0.3125098049640656,1.247808337211609,1.195965647697449,1.153109073638916,1,1,1
Georgia,2014,4.382901471363553,4.231954328189502,3719414,15.12907668695895,97.7,17.44,57.067,9,0.1908430159091949,0.2846659719944,-0.3215075433254242,0.4889219999313354,0.9339861869812012,0.7860679030418396,0,0,0
Georgia,2015,2.860094242898555,5.833119136357794,3725276,15.13065150101071,97.7,16.51,57.448,9,0.2714226543903351,0.2745879292488098,-0.4660818874835968,0.4042413830757141,0.9224599003791809,0.6799067854881287,0,0,0
Georgia,2016,2.844902054505667,2.619318295710656,3727505,15.13124966700175,97.7,16.6,57.837,9,0.3836237788200378,0.2952145338058472,-0.3132914900779724,0.517942488193512,1.008661031723022,0.6854092478752136,0,0,0
Georgia,2017,4.828569855095736,8.491046668703547,3728004,15.13138352774842,97.8,13.94,58.231,9,0.3208365142345428,0.2647962868213654,-0.3707961142063141,0.5757037401199341,1.051974654197693,0.74076247215271,0,0,0
Georgia,2018,4.883854929374735,4.361109043529581,3726549,15.13099316228493,97.8,12.67,58.632,9,0.3277741372585297,0.2208919376134872,-0.4415735602378845,0.6117710471153259,1.125410914421082,0.7094994187355042,0,0,0
Georgia,2019,5.162618816947614,5.192391453408177,3720161,15.12927750488269,99.3,11.57,59.039,9,0.3104377388954163,0.1687202304601669,-0.4883826375007629,0.8287398815155029,1.121731877326965,0.7007192373275757,0,0,0
Georgia,2020,-6.004005115212905,6.898503930992007,3714000,15.12762002089479,99.6,18.5,59.453,9,0.2859657406806946,0.05540179833769798,-0.4307931065559387,0.7875009775161743,1.108766674995422,0.5959197282791138,0,1,0
Germany,2014,1.784341886146905,1.877939853749112,80982500,18.20974363991197,81.8,4.98,77.19,13,1.854514002799988,1.436330318450928,0.9251864552497864,1.671297430992126,1.703042984008789,1.816781401634216,1,0,1
Germany,2015,0.6171053532198982,1.853678824088021,81686611,18.21840066635147,81.4,4.62,77.2,13,1.794227838516235,1.4219970703125,0.6998242735862732,1.686972618103027,1.723077774047852,1.817157387733459,1,0,1
Germany,2016,1.408102075489225,1.327752222695452,82348669,18.22647285173721,82.7,4.12,77.224,13,1.621759414672852,1.364374995231628,0.6813634037971497,1.696211814880371,1.817015647888184,1.826143383979797,1,0,1
Germany,2017,2.219242850725365,1.354187955425189,82657002,18.23021009733617,83.5,3.75,77.261,13,1.614979028701782,1.432261824607849,0.5877214670181274,1.653180241584778,1.786195278167725,1.843528389930725,1,0,1
Germany,2018,0.9641147157641825,1.672580165870485,82905782,18.23321536435609,83.5,3.38,77.312,13,1.631583333015442,1.431258916854858,0.5912753343582153,1.562705397605896,1.762925148010254,1.936917185783386,1,0,1
Germany,2019,0.3289338780308384,2.192462941068143,83092962,18.23547056309821,83.6,3.14,77.376,13,1.620687484741211,1.355591177940369,0.5743085741996765,1.531162261962891,1.723189830780029,1.903284311294556,1,0,1
Germany,2020,-5.065138224434051,1.587246060555913,83240525,18.23724486653373,83.7,3.81,77.453,13,1.557931900024414,1.377576231956482,0.6710113883018494,1.360797762870789,1.582714557647705,1.858250856399536,1,1,1
Greece,2014,1.371147995658632,-1.946700021036236,10892413,16.20357704979472,89.2,26.49,77.702,9,0.3739753663539886,0.6187572479248047,-0.1404459625482559,0.3004702925682068,0.3293375074863434,-0.129975363612175,1,0,1
Greece,2015,0.2464122688304826,-0.2880229193634563,10820883,16.19698843618593,90.7,24.9,78.046,9,0.2769418060779572,0.6515436172485352,-0.2302523553371429,0.1770223081111908,0.409622997045517,-0.08734863251447678,1,0,1
Greece,2016,-0.07511534654686614,-0.5766768570713054,10775971,16.19282930590316,90.7,23.54,78.387,9,0.1353243887424469,0.6685553193092346,-0.1215991750359535,0.1577258408069611,0.1483868509531021,-0.1016083359718323,1,0,1
Greece,2017,1.481339542005529,0.3871947653807126,10754679,16.19085147365556,90.7,21.49,78.724,9,0.07495281845331192,0.658486008644104,-0.0735725536942482,0.2741480469703674,0.2400272339582443,-0.0790209025144577,1,0,1
Greece,2018,1.765229899996257,-0.1035725443546625,10732882,16.18882267127297,92.4,19.29,79.058,9,0.1392800062894821,0.7323086857795715,0.1659437716007233,0.2907973229885101,0.4137779474258423,-0.02520807646214962,1,0,1
Greece,2019,1.96402684660795,0.1907773542182412,10721582,16.18776927734573,92.4,17.31,79.388,9,0.183785155415535,0.8124002814292908,0.1817382127046585,0.3490243554115295,0.5299369096755981,0.04311783239245415,1,0,1
Greece,2020,-8.196078340878202,-1.459578996002094,10715549,16.18720642216149,96.0,16.3,79.715,9,0.3202698826789856,0.9659200310707092,0.1251007616519928,0.4444801211357117,0.5500144362449646,0.05986705794930458,1,1,1
"Hong Kong SAR, China",2014,2.043132351849607,2.850310898532456,7229500,15.79368043545032,96.5,3.3,100.0,9,1.860669374465942,0.5356985330581665,1.153228521347046,1.83289897441864,2.057507038116455,1.619889140129089,0,0,0
"Hong Kong SAR, China",2015,1.519978171358517,3.643546297204665,7291300,15.80219241456119,96.4,3.31,100.0,9,1.825470566749573,0.5148095488548279,1.046294569969177,1.908816814422607,2.189884185791016,1.651854395866394,0,0,0
"Hong Kong SAR, China",2016,1.538646570569568,1.637647521724489,7336600,15.80838607801451,98.1,3.39,100.0,9,1.722994565963745,0.3772677779197693,0.7508071064949036,1.841635704040527,2.153886795043945,1.56169319152832,0,0,0
"Hong Kong SAR, China",2017,3.017315978285723,2.883468189451847,7391700,15.8158683070645,98.2,3.13,100.0,9,1.722528338432312,0.428260326385498,0.8294838666915894,1.905390977859497,2.166827917098999,1.618102788925171,0,0,0
"Hong Kong SAR, China",2018,2.027927691509916,3.657551021849997,7451000,15.82385880953587,98.1,2.82,100.0,9,1.771499514579773,0.4400778710842133,0.7835555076599121,1.902525067329407,2.226013898849487,1.675504922866821,0,0,0
"Hong Kong SAR, China",2019,-2.418395612244055,2.047145111016519,7507400,15.83139975873759,98.1,2.93,100.0,9,1.604442238807678,0.1269743293523788,-0.2221779823303223,1.74074649810791,1.983565092086792,1.690354585647583,0,0,0
"Hong Kong SAR, China",2020,-5.76011270583443,0.6350949573078708,7481800,15.82798396271232,98.2,5.83,100.0,9,1.590242981910706,0.0384611152112484,0.09220633655786514,1.662403464317322,1.787972092628479,1.649826884269714,0,1,0
Hungary,2014,4.510099905405738,3.706680993011034,9866468,16.10465249528833,89.3,7.73,70.227,10,0.5097830295562744,0.5532662868499756,0.6699048280715942,0.5940656661987305,0.7519902586936951,0.1623462438583374,1,0,1
Hungary,2015,4.066661994909282,2.778743063457782,9843028,16.10227394526848,86.6,6.81,70.5,10,0.4073127508163452,0.559974193572998,0.7462977170944214,0.5489410758018494,0.7662329077720642,0.1517660021781921,1,0,1
Hungary,2016,2.441866878711835,1.352062226758207,9814023,16.09932283922003,87.1,5.11,70.779,10,0.438893586397171,0.4020372927188873,0.6546786427497864,0.5014192461967468,0.6034219264984131,0.1059389710426331,1,0,1
Hungary,2017,4.594487545984776,3.988227420751372,9787966,16.09666422989747,87.3,4.16,71.062,10,0.5663262605667114,0.5369373559951782,0.8065630197525024,0.5278870463371277,0.6519234776496887,0.1253052651882172,1,0,1
Hungary,2018,5.533427038221575,4.832742499934326,9775564,16.09539636038095,87.6,3.71,71.351,10,0.5846309065818787,0.4784306585788727,0.747175931930542,0.4900576174259186,0.5747100114822388,0.08652420341968536,1,0,1
Hungary,2019,4.688663954487282,4.765181481420285,9771141,16.09494380327984,87.9,3.42,71.644,10,0.5266540050506592,0.3439764380455017,0.7721580862998962,0.496053159236908,0.603549599647522,0.0600961335003376,1,0,1
Hungary,2020,-4.748350155607497,5.701202331644751,9749763,16.09275353498629,88.2,4.25,71.942,10,0.5128838419914246,0.389862447977066,0.8638380169868469,0.5809024572372437,0.4816817343235016,0.09742633253335953,1,1,1
Indonesia,2014,3.639072302811215,5.443174549356115,255128076,19.35727623585649,59.1,4.05,52.635,9,-0.3422760665416718,0.1539048999547958,-0.4168240427970886,-0.03757252916693687,-0.107659749686718,-0.5617322325706482,0,0,0
Indonesia,2015,3.555062495443877,3.980242660139609,258383257,19.3699545328818,64.1,4.51,53.313,9,-0.4221741855144501,0.184857964515686,-0.6150606870651245,-0.2408801168203354,-0.2175577878952026,-0.4583642482757568,0,0,0
Indonesia,2016,3.758837332148516,2.438924086882068,261556386,19.38216044346448,65.7,4.3,53.989,9,-0.3448856770992279,0.1679468601942062,-0.3729524314403534,0.00741112232208252,-0.1223438531160355,-0.3992098569869995,0,0,0
Indonesia,2017,3.841197264426583,4.292678121995252,264650969,19.39392241770121,74.6,3.88,54.659,9,-0.3496760129928589,0.1316009759902954,-0.4979034066200256,0.03837566077709198,-0.105156198143959,-0.2548541724681854,0,0,0
Indonesia,2018,3.987824860890754,3.818323569433346,267670549,19.4052674874964,76.1,4.3899998664856,55.325,9,-0.3154930472373962,0.1543517261743546,-0.5459080934524536,0.1805828362703323,-0.1469696015119553,-0.2497391700744629,0,0,0
Indonesia,2019,3.871444141513464,1.598798134149632,270625567,19.41624675186895,79.4,3.59999990463257,55.985,9,-0.3424213230609894,0.132109060883522,-0.4934045672416687,0.1820512264966965,-0.09439357370138168,-0.4160328507423401,0,0,0
Indonesia,2020,-3.107142190346536,-0.4561300660192273,273523621,19.42689854172773,81.2,4.28,56.641,9,-0.3387444019317627,0.09967636317014694,-0.500208854675293,0.3691624104976654,0.07765856385231018,-0.3974239230155945,0,1,0
Israel,2014,1.945078388401015,1.005840407042925,8215700,15.92155751580508,90.7,5.89,92.104,12,1.107591152191162,0.7275789976119995,-1.039735317230225,1.210687160491943,1.216221213340759,0.8658848404884338,0,0,1
Israel,2015,0.212807987342913,2.874358514391815,8380100,15.94137040556129,90.8,5.25,92.179,12,1.16215717792511,0.7449203133583069,-1.094912767410278,1.387448072433472,1.272597908973694,0.9433661699295044,0,0,1
Israel,2016,1.811032072090811,1.032378739564592,8546000,15.96097389518611,90.8,4.8,92.256,12,1.072230935096741,0.786663830280304,-0.7945363521575928,1.345055103302002,1.312629580497742,1.18683660030365,0,0,1
Israel,2017,1.567289815482269,0.1792143933179631,8713300,15.98036115193022,92.5,4.22,92.336,12,1.024877190589905,0.6972239017486572,-0.8879560232162476,1.388273954391479,1.274343371391296,0.8293290734291077,0,0,1
Israel,2018,1.504795492142648,1.258051298078172,8882800,15.99962738058224,92.6,4.0,92.418,12,0.9940095543861389,0.6214112043380737,-0.9116702675819397,1.206715822219849,1.246310472488403,0.7872222065925598,0,0,1
Israel,2019,1.494161784328156,2.231947795693159,9054000,16.01871720697804,92.6,3.8,92.501,12,1.04776394367218,0.6601396799087524,-0.7933715581893921,1.325324773788452,1.281104683876038,0.80635005235672,0,0,1
Israel,2020,-4.164266996762322,0.8207380138129565,9216900,16.03654931339975,94.1,4.32999992370605,92.587,12,0.9973904490470886,0.6552317142486572,-0.8282074332237244,1.096136808395386,1.241640448570251,0.565775454044342,0,1,1
Italy,2014,-0.9178138797533535,0.9132412619814687,60789140,17.92292171256117,84.2,12.68,69.272,12,0.4226374924182892,0.9992626309394836,0.4581654071807861,0.4759765863418579,0.6418827772140503,0.01161380112171173,1,0,1
Italy,2015,0.875477401786128,0.931863574759717,60730582,17.92195795122978,86.6,11.9,69.565,12,0.3142381012439728,1.034772038459778,0.3759196996688843,0.5217036604881287,0.7288106679916382,0.05974802747368813,1,0,1
Italy,2016,1.465690444340837,1.134350020372537,60627498,17.92025911049677,86.7,11.69,69.855,12,0.3939918875694275,1.034976243972778,0.3694153130054474,0.5785034894943237,0.7105918526649475,0.1159534603357315,1,0,1
Italy,2017,1.820333851922257,0.7263432209578156,60536709,17.91876049932702,86.7,11.21,70.144,12,0.3488251268863678,0.9906022548675537,0.306821197271347,0.5278189778327942,0.7062214612960815,0.2109730541706085,1,0,1
Italy,2018,1.133773170950931,1.062151926962855,60421760,17.91685986292589,86.8,10.61,70.438,12,0.2688291668891907,0.9533945918083191,0.3423838019371033,0.4415723383426666,0.7260119318962097,0.2476841062307358,1,0,1
Italy,2019,1.450484917285792,0.8039382257645684,59729081,17.90532957868689,86.8,9.95,70.736,12,0.3032813668251038,0.9066437482833862,0.4043850898742676,0.4831743836402893,0.9550501704216003,0.2645699083805084,1,0,1
Italy,2020,-8.603274689985454,1.196670962595633,59554023,17.9023944081588,86.8,9.16,71.039,12,0.2409934401512146,1.057024121284485,0.4400665163993835,0.4003631472587585,0.5030248761177063,0.5389153957366943,1,1,1
Kazakhstan,2014,2.67672092464575,5.77123952989534,17288285,16.66553966245639,86.7,5.06,57.118,9,-0.5981513261795044,-1.183920979499817,0.03601815551519394,-0.04305547475814819,-0.2515877485275269,-0.830435574054718,0,0,0
Kazakhstan,2015,-0.2682671178151423,1.823549877055967,17542806,16.68015450930831,87.2,4.93,57.191,9,-0.4394074082374573,-1.163788199424744,-0.0350002832710743,-0.07358179986476898,-0.03295841440558434,-0.8527389168739319,0,0,0
Kazakhstan,2016,-0.3275146334955821,13.63843361674346,17794055,16.6943749707116,90.0,4.96,57.264,9,-0.4352354109287262,-1.205579161643982,0.008457482792437077,-0.0672612339258194,-0.09970073401927948,-0.8165768384933472,0,0,0
Kazakhstan,2017,2.693432134095914,11.21110565611667,18037776,16.7079787834025,91.9,4.9,57.336,9,-0.4140918850898743,-1.247188925743103,0.02880131080746651,0.003675675485283136,0.1709108352661133,-0.820713996887207,0,0,0
Kazakhstan,2018,2.740536379691051,9.205605990561637,18276452,16.72112401324829,91.9,4.85,57.428,9,-0.4295568466186523,-1.21134340763092,-0.04526364803314209,0.0217261053621769,0.123732253909111,-0.4953895509243011,0,0,0
Kazakhstan,2019,3.161011540041244,7.63328623819848,18513673,16.73402009814371,93.0,4.8,57.54,9,-0.4321693778038025,-1.230226874351501,-0.1684882789850235,0.1240962147712708,0.1369648873806,-0.3051900267601013,0,0,0
Kazakhstan,2020,-3.850408212936969,3.557518611119576,18754440,16.746941082348,94.4,4.89,57.671,9,-0.3961427509784698,-1.188160061836243,-0.2600716054439545,0.1555082648992538,0.1395519375801086,-0.3914681077003479,0,1,0
"Korea, Rep.",2014,2.556219508834971,0.9068967506158145,50746659,17.7423563412068,91.9,3.08,81.707,9,0.9934544563293457,0.6802259683609009,0.1085688024759293,1.16461181640625,1.110692977905273,0.54770427942276,0,0,1
"Korea, Rep.",2015,2.268429400685818,3.185595966649529,51014947,17.74762922618088,91.9,3.55,81.634,9,0.9322704672813416,0.6310142874717712,0.161014124751091,1.012076735496521,1.113388538360596,0.3738366663455963,0,0,1
"Korea, Rep.",2016,2.539144728843496,1.986038505453493,51217803,17.75159774441469,91.9,3.65,81.562,9,1.160902738571167,0.6415861248970032,0.1634689569473267,1.063652634620667,1.114325165748596,0.4569813013076782,0,0,1
"Korea, Rep.",2017,2.870196961511468,2.222781381528407,51361911,17.75440742459771,93.4,3.65,81.503,9,1.167173624038696,0.7572567462921143,0.3856210112571716,1.075107574462891,1.10753059387207,0.4832030832767487,0,0,1
"Korea, Rep.",2018,2.419410192281049,0.4829489831026166,51606633,17.75916076870202,93.4,3.82,81.459,9,1.236651062965393,0.7868220806121826,0.6370728015899658,1.181158542633057,1.102432012557983,0.6063476204872131,0,0,1
"Korea, Rep.",2019,1.837150505227541,-0.9222688922184972,51709098,17.76114430078573,93.4,3.75,81.43,9,1.19427752494812,0.7514849305152893,0.5512064099311829,1.376087665557861,1.069907546043396,0.7374384999275208,0,0,1
"Korea, Rep.",2020,-1.094490030970107,1.251823902128322,51780579,17.76252571414867,93.4,3.93,81.414,9,1.183163404464722,0.815812349319458,0.559196949005127,1.415868878364563,1.033297419548035,0.728066623210907,0,1,1
Latvia,2014,2.029984433911963,1.916671673424219,1993782,14.50554389554323,92.3,10.85,67.952,9,0.872307300567627,0.8494349122047424,0.4872683584690094,0.958376407623291,1.171654105186462,0.4154959619045258,1,0,1
Latvia,2015,4.861796234722448,0.00322267721305991,1977527,14.49735763213377,92.0,9.87,67.98,9,0.7944799065589905,0.8465343713760376,0.4437472224235535,1.089123606681824,1.088799953460693,0.468414843082428,1,0,1
Latvia,2016,3.312783341769318,0.8614447943577517,1959537,14.4882187788115,94.1,9.64,68.021,9,0.9590222239494324,0.8425509333610535,0.4790692329406738,1.004883766174316,1.080243349075317,0.431208461523056,1,0,1
Latvia,2017,4.169810799177597,2.969618003878722,1942248,14.47935662307858,94.1,8.72,68.075,9,0.9347310662269592,0.797442615032196,0.4622170925140381,0.9060057997703552,1.157014727592468,0.5382368564605713,1,0,1
Latvia,2018,4.837970041965505,3.904932686243654,1927174,14.47156523911666,94.1,7.41,68.142,9,0.9570854306221008,0.7824227809906006,0.407373458147049,1.041863441467285,1.142372965812683,0.3294218778610229,1,0,1
Latvia,2019,2.73891714702259,2.312716521470165,1913822,14.4646128477153,94.1,6.31,68.222,9,1.014090538024902,0.857149064540863,0.4434652030467987,1.104713201522827,1.1927889585495,0.5117261409759521,1,0,1
Latvia,2020,-3.001599748675446,0.05261045263249287,1901548,14.45817884926088,94.1,8.1,68.315,9,0.956737220287323,0.8720493912696838,0.460029661655426,0.8822720646858215,1.187872886657715,0.7226006984710693,1,1,1
Luxembourg,2014,1.867277239656758,2.736136905087889,556319,13.22909714971347,88.6,5.85,89.884,10,1.906428933143616,1.55468213558197,1.378323793411255,1.654394626617432,1.630896329879761,2.073476791381836,1,0,0
Luxembourg,2015,1.873669534947368,0.1840359440794117,569604,13.25269666152716,88.4,6.67,90.179,10,1.874508261680603,1.546810030937195,1.439398407936096,1.723727703094482,1.658028602600098,2.097340106964111,1,0,0
Luxembourg,2016,2.344807954922175,0.7706894614714912,582014,13.27424978140708,88.4,6.29,90.46,10,1.760502696037292,1.500275373458862,1.419484734535217,1.69185996055603,1.722079396247864,2.096830368041992,1,0,0
Luxembourg,2017,-0.6437435731303367,1.716429000418486,596336,13.29855954558469,88.7,5.52,90.727,10,1.74243152141571,1.521880626678467,1.326013207435608,1.685967206954956,1.694263577461243,1.988932847976685,1,0,0
Luxembourg,2018,1.141053796011974,2.511835998408273,607950,13.31784792072456,88.8,5.59,90.981,10,1.810989379882812,1.530787587165833,1.362696051597595,1.777065634727478,1.757188558578491,2.087757587432861,1,0,0
Luxembourg,2019,0.3086257461624626,3.392093461435479,620001,13.3374763699232,88.7,5.59,91.223,10,1.793766856193542,1.493552446365356,1.349190592765808,1.733295798301697,1.700020313262939,2.112312316894531,1,0,0
Luxembourg,2020,-3.228955960440857,2.33056203701922,632275,13.35707970507115,88.8,6.77,91.453,10,1.794462561607361,1.502642869949341,1.233050584793091,1.842216491699219,1.84221351146698,2.057723760604858,1,1,0
Mexico,2014,1.544035106910229,4.439719162843474,120355137,18.60595740512123,86.9,4.81,78.993,12,-0.4229217767715454,0.0003161191998515278,-0.8539187908172607,0.1959123760461807,0.425959050655365,-0.761694610118866,0,0,1
Mexico,2015,2.019036883718144,2.835086218418169,121858251,18.61836905014593,86.8,4.31,79.285,12,-0.4471672773361206,-0.07535902410745621,-0.7986990809440613,0.2092916965484619,0.3577255606651306,-0.7660108208656311,0,0,1
Mexico,2016,1.403020673377981,5.605277512879226,123333379,18.63040164520464,86.9,3.86,79.577,12,-0.5563735365867615,-0.06752880662679672,-0.6290693879127502,0.1316671222448349,0.2871218621730804,-0.7194721698760986,0,0,1
Mexico,2017,0.9314565415850353,6.712706429904387,124777326,18.64204131470099,85.7,3.42,79.867,12,-0.5586059093475342,-0.07784301042556763,-0.7974465489387512,0.05102407559752464,0.278705358505249,-0.8388867974281311,0,0,1
Mexico,2018,1.050311570781417,4.941314609863539,126190782,18.65330546261441,85.8,3.28,80.156,12,-0.6365064382553101,-0.01669654995203018,-0.6482080221176147,-0.1576218754053116,0.1582260876893997,-0.8548902273178101,0,0,1
Mexico,2019,-1.13936914877111,3.966725638713768,127575529,18.66421913148616,85.9,3.48,80.444,12,-0.6580053567886353,0.007971452549099922,-0.8369033932685852,-0.1567869931459427,0.1037781685590744,-0.8269345164299011,0,0,1
Mexico,2020,-9.205399981144708,3.089677038577491,128932753,18.67480153183105,86.1,4.45,80.731,12,-0.6701079607009888,-0.03558233007788658,-0.8500293493270874,-0.1550608575344086,0.0767781212925911,-0.8476247191429138,0,1,1
Mongolia,2014,5.744922128385426,7.448836598085791,2940111,14.8939578937042,87.1,4.8,68.163,12,-0.3448352515697479,0.2414446473121643,0.791901171207428,-0.4359458088874817,-0.2714637815952301,-0.4737496078014374,0,0,0
Mongolia,2015,0.3884633853802484,1.733009103958565,2998433,14.91360037683547,87.1,4.86,68.23,12,-0.3798697292804718,0.2702580392360687,0.7163843512535095,-0.4190106093883514,-0.3505108654499054,-0.4916312992572784,0,0,0
Mongolia,2016,-0.7489798328694519,2.228752216938346,3056358,14.93273456900428,86.6,7.24,68.297,12,-0.2203148454427719,0.3327663540840149,0.7977928519248962,-0.09822630882263184,-0.07631254941225052,-0.4870812296867371,0,0,0
Mongolia,2017,3.394225484682863,10.52940748702886,3113788,14.95135054941822,86.6,6.36,68.363,12,-0.3065019845962524,0.2932990193367004,0.7889857888221741,-0.2675595283508301,-0.1161962300539017,-0.4541449844837189,0,0,0
Mongolia,2018,5.337768491686433,8.411834916845024,3170214,14.96930965146134,86.6,5.38,68.445,12,-0.267378568649292,0.2365272343158722,0.8336845636367798,-0.2292288541793823,0.0233943909406662,-0.4238775968551636,0,0,0
Mongolia,2019,3.367317481622067,9.381413665567067,3225166,14.98649497975554,86.7,10.03,68.543,12,-0.2661898136138916,0.3237540721893311,0.6343787312507629,-0.1954341530799866,-0.011855099350214,-0.4290291666984558,0,0,0
Mongolia,2020,-6.869626304298166,4.723057313552076,3278292,15.00283311302517,86.7,7.01,68.657,12,-0.2637609839439392,0.3791947066783905,0.793757975101471,-0.3437614440917969,-0.09233667701482773,-0.4639690220355988,0,1,0
Netherlands,2014,1.059101254270686,0.2531857320047948,16865008,16.64075150083295,94.1,7.42,89.69,12,1.977988243103027,1.547281384468079,1.045115351676941,1.842606782913208,1.769265651702881,1.964871048927307,1,0,1
Netherlands,2015,1.50826618391271,0.7727279766513817,16939923,16.6451837017233,94.2,6.87,90.173,12,1.942948222160339,1.561142683029175,0.926119327545166,1.859105229377747,1.799030900001526,1.875101208686829,1,0,1
Netherlands,2016,1.649315546520683,0.4546672887733081,17030314,16.65050549051939,94.3,6.01,90.635,12,1.887036919593811,1.540341258049011,0.9122675061225891,1.856560111045837,1.976166605949402,1.903790831565857,1,0,1
Netherlands,2017,2.304284732593146,1.260707158085793,17131296,16.65641752418103,94.3,4.84,91.077,12,1.801336765289307,1.495970845222473,0.9211125373840332,1.854930877685547,2.050718784332275,1.791990518569946,1,0,1
Netherlands,2018,1.764937264162228,2.437090745205268,17231624,16.66225685827024,94.3,3.83,91.49,12,1.786828756332397,1.487597346305847,0.8542672395706177,1.850401759147644,2.019616365432739,1.927847027778625,1,0,1
Netherlands,2019,1.013535330647187,2.957800156878562,17344874,16.66880757401829,94.3,3.38,91.876,12,1.777760028839111,1.485455989837646,0.8475496172904968,1.803272366523743,1.861227869987488,1.906102776527405,1,0,1
Netherlands,2020,-4.272620430748447,2.402898682091632,17441139,16.67434228394555,94.3,3.82,92.236,12,1.759824752807617,1.526044964790344,0.8503547310829163,1.853355526924133,1.753378033638,2.033415555953979,1,1,1
New Zealand,2014,2.10371277700105,0.4132341041662215,4516500,15.32324791557203,100.0,5.42999982833862,86.281,10,2.008719444274902,1.524383783340454,1.467927575111389,1.932077765464783,1.950351476669312,2.25360107421875,0,0,1
New Zealand,2015,1.61720893840365,1.459593686899922,4609400,15.34360825465853,100.0,5.41,86.341,10,2.001248598098755,1.554844856262207,1.525453329086304,1.884017944335938,1.920747995376587,2.27632999420166,0,0,1
New Zealand,2016,1.426238361720237,2.475838333357515,4714100,15.36606857566009,100.0,5.15000009536743,86.4,10,1.95464038848877,1.533282876014709,1.519183397293091,1.842496275901794,2.038275480270386,2.283908128738403,0,0,1
New Zealand,2017,1.471532858846786,3.568177656527155,4813600,15.38695580288828,100.0,4.73999977111816,86.466,10,1.927888989448547,1.55865490436554,1.595223069190979,1.769038081169128,2.09194016456604,2.244731187820435,0,0,1
New Zealand,2018,1.373543646659115,2.035857045371813,4900600,15.40486820456418,100.0,4.33,86.538,10,1.876398324966431,1.589524984359741,1.533905267715454,1.669031977653503,2.006682395935059,2.174654960632324,0,0,1
New Zealand,2019,0.02756414869786283,3.65999097293448,4979300,15.42079987687204,100.0,4.11,86.615,10,1.885100603103638,1.535292029380798,1.411302328109741,1.670557260513306,1.881057024002075,2.170174360275269,0,0,1
New Zealand,2020,-1.10441205992106,-0.3411202696826194,5084300,15.44166791820514,100.0,4.59,86.699,10,1.883366703987122,1.596883058547974,1.486000418663025,1.589406251907349,1.877043724060059,2.150458097457886,0,1,1
Norway,2014,0.8260562360881636,0.2906039730535213,5137232,15.45202497097584,92.2,3.48,80.692,10,2.028991460800171,1.684087038040161,1.119958519935608,1.828452706336975,1.646469473838806,2.226875305175781,1,0,1
Norway,2015,0.9575007629029102,-2.854865012700543,5188607,15.46197581834543,94.0,4.3,81.091,10,2.011002540588379,1.687912821769714,1.161716103553772,1.864142537117004,1.606871128082275,2.243494033813477,1,0,1
Norway,2016,0.1850596798006734,-1.474253825561149,5234519,15.47078551649902,94.3,4.68,81.485,10,2.03651762008667,1.664908170700073,1.200074434280396,1.86886203289032,1.697962999343872,2.196553468704224,1,0,1
Norway,2017,1.500149379861469,3.951136856064124,5276968,15.47886224831787,94.3,4.16,81.871,10,2.025476455688477,1.694411516189575,1.170478701591492,1.986277937889099,1.816498279571533,2.240390300750732,1,0,1
Norway,2018,0.4535508314682914,6.65160789916284,5311916,15.48546315676036,94.3,3.8,82.248,10,1.965735077857971,1.696250200271606,1.141178607940674,1.886027693748474,1.790836811065674,2.089908123016357,1,0,1
Norway,2019,0.17337819668262,-0.4376903112621875,5347896,15.49221377049282,94.3,3.69,82.616,10,1.985299587249756,1.655280709266663,1.170564770698547,1.861934542655945,1.804199814796448,2.073592662811279,1,0,1
Norway,2020,-1.345029126778769,-3.746191068949756,5379475,15.49810134373325,94.3,4.42,82.974,10,1.983864545822144,1.725092649459839,1.248286604881287,1.936734318733215,1.698057055473328,2.099984884262085,1,1,1
Philippines,2014,4.611113794707421,3.053055300859057,100513137,18.42579899333867,66.2,3.6,46.093,10,-0.3174057304859161,0.1592660397291183,-0.7138209342956543,0.1927040666341782,-0.03681487217545509,-0.4370157122612,0,0,0
Philippines,2015,4.681878505272621,-0.719682789735927,102113206,18.44159261855132,67.2,3.07,46.284,10,-0.3429786562919617,0.1470693349838257,-0.85566246509552,0.1119680553674698,-0.04308318719267845,-0.4534664452075958,0,0,0
Philippines,2016,5.546712385047229,1.280311743739617,103663812,18.45666364411876,67.6,2.7,46.475,10,-0.3550694286823273,0.1634220629930496,-1.379818797111511,-0.0104617178440094,-0.004101375117897987,-0.4881241023540497,0,0,0
Philippines,2017,5.39665310602237,2.320259946089394,105172921,18.47111642019058,67.6,2.55,46.682,10,-0.4177010357379913,0.08414953202009201,-1.185080289840698,-0.05469687655568123,0.01966497302055359,-0.4765460193157196,0,0,0
Philippines,2018,4.867308729356253,3.740653830220708,106651394,18.48507607358852,64.2,2.34,46.907,10,-0.4749934375286102,0.01362485531717539,-1.092061638832092,0.05319312587380409,-0.0615246593952179,-0.5422266721725464,0,0,0
Philippines,2019,4.680376446991374,0.6970762972060811,108116622,18.49872103582118,69.3,2.24,47.149,10,-0.4769834578037262,0.006508441641926765,-0.9151124358177185,0.05200840160250664,0.008369117975234985,-0.5730504989624023,0,0,0
Philippines,2020,-10.78151354631981,1.638412202661456,109581085,18.51217533546739,71.3,2.51999998092651,47.408,10,-0.5518213510513306,-0.1036209464073181,-0.7937948703765869,0.06087451800704002,0.02993043325841427,-0.4816632568836212,0,1,0
Poland,2014,3.455982003572799,0.5218722697122757,38011735,17.45340548580635,82.5,8.99,60.403,9,0.8201537132263184,1.105112671852112,0.8429408073425293,0.7488349080085754,1.054908037185669,0.6834656596183777,1,0,1
Poland,2015,4.305813692545499,0.9740287776681384,37986412,17.4527390747967,82.6,7.5,60.278,9,0.783025324344635,1.039736032485962,0.8748523592948914,0.7274681329727173,1.000137686729431,0.7202487587928772,1,0,1
Poland,2016,3.186076367450099,0.3116169323292439,37970087,17.45230922348795,82.7,6.16,60.178,9,0.6099275946617126,0.8441845774650574,0.50724196434021,0.6533463001251221,0.9519957304000854,0.7813225984573364,1,0,1
Poland,2017,4.817572417674398,1.859701845528235,37974826,17.4524340244738,82.8,4.89,60.105,9,0.4414216876029968,0.7759659886360168,0.5183782577514648,0.567833423614502,0.8811609745025635,0.729468822479248,1,0,1
Poland,2018,5.35391559355611,1.201608998352398,37974750,17.45243202314597,82.8,3.85,60.058,9,0.4204909205436707,0.7007455229759216,0.4925415515899658,0.5629847645759583,0.9425502419471741,0.654106616973877,1,0,1
Poland,2019,4.566458955846414,3.149155152711373,37965475,17.45218775207497,82.8,3.28,60.037,9,0.4312603771686554,0.6731717586517334,0.5636535286903381,0.5348010063171387,1.01339864730835,0.6421291828155518,1,0,1
Poland,2020,-2.664090547899406,4.095323260034348,37950802,17.45180119465244,82.9,3.16,60.043,9,0.5398861765861511,0.6171155571937561,0.5743838548660278,0.3764992356300354,0.8859966397285461,0.6507944464683533,1,1,1
Russian Federation,2014,-1.045257463172177,7.490071117339653,143819667,18.7840707602417,88.6,5.16,73.95,11,-0.7415573596954346,-1.044410228729248,-0.9436174631118774,-0.1096965372562408,-0.3886237740516663,-0.9192273020744324,0,0,0
Russian Federation,2015,-2.183888387374651,7.249735907413964,144096870,18.78599633970678,91.6,5.57,74.05,11,-0.7637034058570862,-1.08774733543396,-1.029335141181946,-0.2047026306390762,-0.5207788944244385,-0.949274480342865,0,0,0
Russian Federation,2016,0.01024846191923245,2.844222697545007,144342397,18.78769879209376,91.8,5.56,74.164,11,-0.7923562526702881,-1.131711959838867,-0.9462102651596069,-0.1974345743656158,-0.415562629699707,-0.8225473761558533,0,0,0
Russian Federation,2017,1.709389916157235,5.349815088159545,144496739,18.78876749778806,93.0,5.21,74.292,11,-0.7936877012252808,-1.089872479438782,-0.6406304836273193,-0.0756785199046135,-0.4741596281528473,-0.8921308517456055,0,0,0
Russian Federation,2018,2.815525691928983,9.997924911081952,144477859,18.78863682886313,93.0,4.85,74.433,11,-0.7823286652565002,-1.074535846710205,-0.5411889553070068,-4.419186734594405e-05,-0.5028223395347595,-0.8506646752357483,0,0,0
Russian Federation,2019,2.078811308903525,3.084173840948992,144406261,18.7881411422088,93.0,4.5,74.587,11,-0.7236124277114868,-1.117827892303467,-0.5573844313621521,0.1501806080341339,-0.4316002130508423,-0.8100985288619995,0,0,0
Russian Federation,2020,-2.771565332485096,0.8960216923443909,144104080,18.78604637423999,93.1,5.59,74.754,11,-0.7602831125259399,-1.07674777507782,-0.7314647436141968,0.03341686725616455,-0.4377571046352386,-0.9105806350708008,0,1,0
Serbia,2014,-1.126397327108535,2.585382936797444,7130576,15.77990257454126,88.9,19.22,55.583,8,-0.1497739851474762,0.2126113027334213,0.1841107755899429,0.0892740860581398,0.1412160694599152,-0.2269285917282104,1,0,0
Serbia,2015,2.311015888821942,1.872892480402498,7095383,15.77495484879656,89.0,17.66,55.696,8,-0.1172575876116753,0.2310587763786316,0.2389820218086243,0.1108452677726746,0.1553419679403305,-0.2669984698295593,1,0,0
Serbia,2016,3.881184760266819,1.54988883247718,7058322,15.76971790416593,89.1,15.26,55.81,8,-0.1593600064516068,0.1999041736125946,0.1401536017656326,0.0794210359454155,0.05629955977201462,-0.3223661780357361,1,0,0
Serbia,2017,2.645985862382588,2.970793169818322,7020858,15.76439599075569,91.8,13.48,55.942,8,-0.1962158232927322,0.1172195822000504,0.08685538172721863,0.1177542135119438,0.0095592075958848,-0.3775187730789185,1,0,0
Serbia,2018,5.067594881402897,1.974942562152364,6982604,15.75893247106935,92.6,12.73,56.092,8,-0.1843530237674713,-0.02235163375735283,0.008951123803853989,0.1212776228785515,0.1292206197977066,-0.3381807804107666,1,0,0
Serbia,2019,4.809425014400276,2.444352070837795,6945235,15.75356637089113,92.6,10.39,56.26,8,-0.1621673852205276,-0.04622262716293335,-0.06595011800527573,0.04847615212202072,0.1321522742509842,-0.3892009556293488,1,0,0
Serbia,2020,-0.4492107150377649,1.843467967798375,6908224,15.74822314389554,89.3,9.01,56.446,8,-0.1848579794168472,-0.1175093650817871,-0.09286642074584961,0.0324048288166523,0.1202636510133743,-0.4258815944194794,1,1,0
Slovenia,2014,2.667134059338451,0.456031615681681,2061980,14.53917724419096,94.4,9.67,53.557,9,1.001440644264221,0.9561069011688232,0.9657734036445618,1.004994988441467,0.6616280674934387,0.7269377708435059,1,0,1
Slovenia,2015,2.133258027615341,1.005043485340451,2063531,14.53992915108107,94.4,8.96,53.781,9,0.9744548201560974,0.9868261814117432,0.953392744064331,0.9721034169197083,0.6263493895530701,0.7733144760131836,1,0,1
Slovenia,2016,3.116346601163514,0.8741154263263411,2065042,14.54066112315349,94.5,8.0,54.02,9,1.082728505134583,1.010921478271484,0.9904360175132751,1.126859664916992,0.64026939868927,0.823036253452301,1,0,1
Slovenia,2017,4.725288532126925,1.479987764532183,2066388,14.54131271354598,94.6,6.56,54.273,9,1.026973962783813,1.006712913513184,0.8733997941017151,1.173108100891113,0.5802526473999023,0.8164077401161194,1,0,1
Slovenia,2018,4.006705136351513,2.155542730389826,2073894,14.54493855749732,94.7,5.11,54.541,9,1.058605313301086,0.9598869681358337,0.901137113571167,1.124266028404236,0.6537442803382874,0.8705902099609375,1,0,1
Slovenia,2019,2.468360473902266,2.260076559674175,2088385,14.55190159796066,92.9,4.45,54.822,9,1.118610501289368,0.9790307283401489,0.8074291944503784,1.081090688705444,1.008930206298828,0.9221384525299072,1,0,1
Slovenia,2020,-6.060341084530833,1.272697662970131,2100126,14.55750790089372,93.0,4.97,55.118,9,1.06648850440979,0.9358459711074829,0.7064864039421082,1.166243076324463,0.9220371842384338,0.8073283433914185,1,1,1
South Africa,2014,0.2466581789818889,5.547005325779253,54544184,17.81452164677742,81.4,24.89,64.312,9,0.1827035844326019,0.6421181559562683,-0.1463889628648758,0.3407952785491943,0.2876856923103333,-0.06145170331001282,0,0,0
South Africa,2015,-0.3449823266460328,5.170613785645145,55386369,17.82984407451159,79.7,25.15,64.828,9,0.08813711255788803,0.650173008441925,-0.212992936372757,0.2915251553058624,0.2793785631656647,0.02527054585516453,0,0,0
South Africa,2016,-1.0678968029804,7.206346378920443,56207649,17.84456340880557,79.7,26.54,65.341,9,0.1161583364009857,0.6512255072593689,-0.1415039747953415,0.3061665296554565,0.2118435204029083,0.1184791922569275,0,0,0
South Africa,2017,-0.01234474467574387,5.267458121942028,57009751,17.85873288134343,80.0,27.04,65.85,9,-0.04251915961503983,0.6327685117721558,-0.2775616645812988,0.2908573150634766,0.2337251156568527,-0.0263974741101265,0,0,0
South Africa,2018,-0.5780515870031735,3.91653962575576,57792520,17.87236991350348,80.0,26.91,66.355,9,-0.1022561267018318,0.6290035843849182,-0.2277793139219284,0.3326285183429718,0.1297221928834915,-0.02587460167706013,0,0,0
South Africa,2019,-1.157078736978605,4.021220705494414,58558267,17.8855328336002,81.2,28.47,66.856,9,-0.07616230100393295,0.6436216831207275,-0.2676704227924347,0.3676561117172241,0.1561928987503052,0.07293086498975754,0,0,0
South Africa,2020,-8.13682911771798,5.286184050776143,59308690,17.89826639623326,81.2,29.22,67.354,9,-0.1154165863990784,0.6972311735153198,-0.2368584275245667,0.2993963956832886,0.2039086669683456,0.06403693556785583,0,1,0
Spain,2014,1.687449703797512,-0.2233684853122213,46480882,17.6545516462315,77.9,24.44,79.366,10,0.9682609438896179,0.993725597858429,0.2431217432022095,1.178316712379456,0.7504949569702148,0.6946790218353271,1,0,1
Spain,2015,3.915768451370823,0.5455560098357068,46444832,17.6537757576156,86.4,22.06,79.602,10,0.9148642420768738,1.044831275939941,0.2514911890029907,1.188100814819336,0.8076367378234863,0.6669498682022095,1,0,1
Spain,2016,2.944348559831852,0.3228987935204088,46484062,17.65462005911628,86.4,19.63,79.84,10,0.9971727728843689,1.041618347167969,0.4131882786750793,1.129903316497803,1.008603692054749,0.6071716547012329,1,0,1
Spain,2017,2.732360582696813,1.299554832338302,46593236,17.65696593834597,86.7,17.22,80.08,10,1.059366106987,1.021468162536621,0.2828841805458069,1.038661003112793,0.9452307820320129,0.5475208163261414,1,0,1
Spain,2018,1.982401978948616,1.188141605793859,46797754,17.66134576828326,86.7,15.25,80.321,10,1.013061881065369,1.019294142723083,0.2878040373325348,1.004938840866089,0.9486249685287476,0.6463200449943542,1,0,1
Spain,2019,1.223860586932929,1.388484328705729,47133521,17.66849500436316,86.9,14.1,80.565,10,1.025826096534729,1.037761688232422,0.3106858134269714,1.001175284385681,1.050283312797546,0.6989555954933167,1,0,1
Spain,2020,-11.24951898711173,1.067366055360111,47351567,17.67311047102976,86.9,15.53,80.81,10,0.9019612073898315,1.007931709289551,0.3952676355838776,0.894953727722168,0.7676963210105896,0.7411525249481201,1,1,1
Sweden,2014,1.644244005955372,1.744531291583471,9696110,16.08723533211137,92.3,7.95,86.247,9,1.979652285575867,1.611089110374451,1.065414786338806,1.687708735466003,1.811390399932861,2.115106582641602,1,0,1
Sweden,2015,3.390176296000575,2.121180245095474,9799186,16.09780987896654,92.3,7.43,86.553,9,2.02620530128479,1.565309762954712,0.9471064209938049,1.715613126754761,1.815066337585449,2.188358783721924,1,0,1
Sweden,2016,0.79614630049835,1.525609913980944,9923085,16.11037441881757,94.6,6.99,86.852,9,1.993450999259949,1.564695715904236,1.017940878868103,1.69918167591095,1.85420298576355,2.152424097061157,1,0,1
Sweden,2017,1.195147571321669,2.135151824512519,10057698,16.12384886941319,94.6,6.72,87.146,9,1.861854076385498,1.569253444671631,0.9844167828559875,1.716437220573425,1.801465153694153,2.148430824279785,1,0,1
Sweden,2018,0.772577449000039,2.396920334505069,10175214,16.13546532101279,94.7,6.36,87.431,9,1.826189994812012,1.568370819091797,0.9405567049980164,1.711310267448425,1.832540154457092,2.149014949798584,1,0,1
Sweden,2019,0.347439174142778,2.668659315941653,10278887,16.14560254364735,93.1,6.83,87.708,9,1.832538962364197,1.560975313186646,1.039472699165344,1.709257245063782,1.801819920539856,2.131290197372437,1,0,1
Sweden,2020,-3.517627178608691,1.39423949406121,10353442,16.15282958277618,93.1,8.29,87.977,9,1.806388139724731,1.504241228103638,1.022893071174622,1.719101428985596,1.68247401714325,2.128127098083496,1,1,1
Thailand,2014,0.5503206631106536,1.441465365280294,68438748,18.04144971342527,82.7,0.58,46.943,9,-0.1914606690406799,-0.8747826218605042,-0.9063863158226013,0.3376566171646118,0.2732638120651245,-0.450228750705719,0,0,0
Thailand,2015,2.720140846832763,0.7221135734125141,68714519,18.04547107401935,82.7,0.6,47.694,9,-0.1477921605110168,-0.9691051244735718,-0.9944292902946472,0.3498438596725464,0.2920193374156952,-0.4934060573577881,0,0,0
Thailand,2016,3.050047926554925,2.63616761998928,68971313,18.04920122248885,82.7,0.69,48.448,9,-0.004964788910001516,-1.023131728172302,-0.9885814189910889,0.3417523503303528,0.1680702269077301,-0.3888683617115021,0,0,0
Thailand,2017,3.818674250780646,1.899944989977698,69209817,18.05265327468798,84.7,0.83,49.2,9,0.03731150180101395,-1.045533895492554,-0.7528448700904846,0.3820222914218903,0.141058474779129,-0.388146698474884,0,0,0
Thailand,2018,3.861482288817371,1.432248538925251,69428454,18.05580734145,92.0,0.77,49.949,9,0.02274881489574909,-1.022455811500549,-0.7996718883514404,0.3478800654411316,0.1023714616894722,-0.3968431055545807,0,0,0
Thailand,2019,1.976892457436861,0.9462490063110209,69625581,18.05864260088067,92.3,0.72,50.692,9,0.1031694337725639,-0.8468074798583984,-0.4836834073066711,0.3565670549869537,0.1164975017309189,-0.4113743603229523,0,0,0
Thailand,2020,-6.32186372640497,-1.048838299518636,69799978,18.06114425254631,92.4,1.1,51.43,9,0.1213088035583496,-0.809891402721405,-0.6245448589324951,0.3007004857063293,0.1833952069282532,-0.4222211539745331,0,1,0
Turkey,2014,3.168090823623089,7.389518637703034,77229262,18.16228898462772,81.0,9.88,73.077,12,0.005033673252910376,-0.3384197056293488,-1.086035966873169,0.3649530112743378,0.3994921743869781,-0.147863581776619,0,0,1
Turkey,2015,4.328127771416106,7.844916930102627,78529413,18.17898380047275,79.1,10.24,73.611,12,-0.113107942044735,-0.3677201271057129,-1.493914008140564,0.2227048277854919,0.2708806097507477,-0.154301330447197,0,0,1
Turkey,2016,1.642463409391496,8.130478078144506,79827868,18.1953832245135,79.2,10.84,74.134,12,-0.2087604403495789,-0.607184648513794,-2.009063005447388,0.04824463650584221,0.1961425393819809,-0.1914556622505188,0,0,1
Turkey,2017,5.794264412556529,10.98242166832846,81116451,18.21139634685009,81.0,10.82,74.644,12,-0.2548286616802216,-0.705859899520874,-1.788513898849487,0.0732634887099266,0.03584360703825951,-0.1944939345121384,0,0,1
Turkey,2018,1.428914877324445,16.48528445964594,82340090,18.22636866733434,81.9,10.89,75.143,12,-0.3175218999385834,-0.8510689735412598,-1.318893432617188,0.006252286955714226,0.01511023659259081,-0.3298205137252808,0,0,1
Turkey,2019,-0.4013460398172555,13.9062074269815,83429607,18.23951380433138,88.2,13.67,75.63,12,-0.2826562523841858,-0.8342998623847961,-1.371727585792542,0.04788932204246521,-0.007641004398465157,-0.30826136469841,0,0,1
Turkey,2020,0.65937038115527,14.82746716145891,84339067,18.25035574385489,88.8,13.11,76.105,12,-0.3586216270923615,-0.8616991639137268,-1.18775999546051,-0.04404508695006371,-0.01065966580063105,-0.3407801687717438,0,1,1
United States,2014,1.776837703305389,1.849827470814276,318386329,19.57877607445491,91.1,6.17,81.483,12,1.610409498214722,1.071223139762878,0.5824196338653564,1.467511415481567,1.281424522399902,1.376293182373047,0,0,1
United States,2015,2.319441455666265,0.9525315327980195,320738994,19.58613824754317,91.2,5.28,81.671,12,1.595975041389465,1.109821081161499,0.678062379360199,1.463184356689453,1.256154537200928,1.397409558296204,0,0,1
United States,2016,0.9770126815669755,1.049247370002277,323071755,19.59338500821768,91.2,4.87,81.862,12,1.618123888969421,1.110259413719177,0.4023029208183289,1.476339936256409,1.497076153755188,1.373549342155457,0,0,1
United States,2017,1.687321406041377,1.880067872449985,325122128,19.59971144816851,91.2,4.36,82.058,12,1.649322152137756,1.008988499641418,0.2918175160884857,1.557018041610718,1.631051182746887,1.384250998497009,0,0,1
United States,2018,2.455679198846042,2.400981114115908,326838199,19.60497580212415,91.2,3.9,82.256,12,1.514515161514282,0.9763638973236084,0.4214178323745728,1.575724124908447,1.620526075363159,1.328868985176086,0,0,1
United States,2019,1.697011298709313,1.785151537436278,328329953,19.60952961498378,91.2,3.67,82.459,12,1.461360335350037,0.9038050174713135,0.1349752992391586,1.488845109939575,1.34547233581543,1.215634107589722,0,0,1
United States,2020,-3.824223836542131,1.211287986951874,329484123,19.61303872561691,91.6,8.05,82.664,12,1.368086338043213,0.8689368963241577,-0.02203272841870785,1.318941950798035,1.244659185409546,1.068837642669678,0,1,1
Uruguay,2014,2.904735402957456,9.37224637981977,3400439,15.03941509889848,89.7,6.55,94.945,12,0.7104970812797546,1.107863306999207,0.9918795824050903,0.4825198650360107,0.5301750898361206,1.379018425941467,0,0,0
Uruguay,2015,0.03027041702961242,9.016280623573508,3412013,15.04281299766851,89.8,7.49,95.045,12,0.7123100161552429,1.14340353012085,1.004238247871399,0.5285663604736328,0.4245312809944153,1.317307949066162,0,0,0
Uruguay,2016,1.329681214442942,16.61368389766866,3424139,15.04636061121418,89.9,7.84,95.144,12,0.6303899884223938,1.163035035133362,1.062580466270447,0.5738663077354431,0.4894555509090424,1.267521858215332,0,0,0
Uruguay,2017,1.257929132082154,4.98664192165262,3436645,15.05000626274648,89.8,7.89,95.24,12,0.5833324790000916,1.167398691177368,1.050780296325684,0.4895088672637939,0.4764564335346222,1.282488465309143,0,0,0
Uruguay,2018,0.1095580058536143,7.10189068047498,3449290,15.05367897072696,89.8,8.34,95.334,12,0.5930400490760803,1.180450201034546,1.034956812858582,0.5553761720657349,0.5067633986473083,1.254706025123596,0,0,0
Uruguay,2019,-0.01019898407230357,8.522966926227198,3461731,15.05727931094842,89.8,8.88,95.426,12,0.6217153668403625,1.227341890335083,1.038879156112671,0.6949803233146667,0.5082365870475769,1.250806212425232,0,0,0
Uruguay,2020,-6.183824160278078,10.868186007544,3473727,15.06073863893021,89.6,10.35,95.515,12,0.6786591410636902,1.314992666244507,1.050673484802246,0.7818888425827026,0.5820890069007874,1.422944784164429,0,1,0
Vietnam,2014,4.872835170721473,3.662383810865194,91713850,18.33418396180882,78.9,1.26,33.115,9,-0.359914094209671,-1.374714970588684,-0.02234735712409019,-0.07082560658454895,-0.5876820087432861,-0.4361547231674194,0,0,0
Vietnam,2015,5.570525948293948,-0.1907881321480716,92677082,18.34463177235433,79.2,1.85,33.809,9,-0.3394253253936768,-1.358865261077881,0.06997048854827881,0.06712695956230164,-0.4827265441417694,-0.4261853098869324,0,0,0
Vietnam,2016,5.118137290076859,1.110649186001083,93640435,18.35497284602686,82.7,1.85,34.51,9,0.07528232783079147,-1.373433470726013,0.2335919290781021,0.01947558671236038,-0.453792929649353,-0.4523509740829468,0,0,0
Vietnam,2017,5.728088411571704,4.085788186802915,94600643,18.36517483103918,81.8,1.87,35.213,9,0.06237936392426491,-1.411140203475952,0.2302037924528122,0.005670135840773582,-0.3971559703350067,-0.5843226909637451,0,0,0
Vietnam,2018,6.016398379303681,3.398105022895123,95545959,18.3751179357625,82.0,1.16,35.919,9,-0.003692434402182698,-1.476468920707703,0.05850875005125999,-0.001379916677251458,-0.3494396209716797,-0.4807368218898773,0,0,0
Vietnam,2019,6.001036650978932,1.78859860160965,96462108,18.38466082598439,84.8,2.04,36.628,9,-0.0165803674608469,-1.405681252479553,0.02549558691680431,0.03830968588590622,-0.2619721293449402,-0.5156115293502808,0,0,0
Vietnam,2020,1.979230845739281,1.293487768929566,97338583,18.39370600504152,85.1,2.39,37.34,9,-0.133931964635849,-1.380469560623169,-0.07343044877052307,0.2003077119588852,-0.1479097455739975,-0.3527095317840576,0,1,0
